Producer,Account,Followers,Follower source / date,Own reels pulled (total),90d window,90d reels,90d reels/week,90d n (excl. <7d old),90d median views,90d mean views,90d p25,90d p75,90d max,90d median / followers,12m window (or longest available),12m reels,12m reels/week,12m n (excl. <7d old),12m median views,12m mean views,12m p25,12m p75,12m max,12m median / followers,"Top format by median views (n>=5, keyword-classified, 12m window)","Lead-CTA rate % (all reels, 12m window)",Views field,Collab reels on grid owned by other accounts (excluded)
Julia Wang,@juliawang_htx,"468,258","Third-party: InstaIncognito/FeedSpot listing (~468K, FeedSpot Sep 2026); Apify profile scraper returned ""Restricted profile"" (age-restricted) with no follower count",63,2026-08-13 to 2026-10-07 (PARTIAL),60,7.78,57,"27,853","39,807","3,892","56,381","246,437",0.0595,2026-08-13 to 2026-10-07 (PARTIAL - scrape cap hit; not full 12 mo),61,7.78,58,"28,161","143,016","3,900","58,958","6,025,959",0.0601,"F7-L Personal/lifestyle (no RE angle) (n=51, median 24,714)",4,"videoPlayCount (Instagram ""plays""; videoViewCount was null for all reels)",0
Sahar Khatib,@saharzkhatib,"4,249","Apify apify/instagram-profile-scraper run JcJd7B1P0odnWz3DC, 2026-10-07",164,2026-07-09 to 2026-10-07,42,3.27,39,"1,296","2,024",859,"2,082","18,230",0.305,2025-10-10 to 2026-10-07,161,3.12,158,"1,165","1,553",890.5,"1,803","18,230",0.2741,"F3 Price-myth buster (n=12, median 1,492)",74,"videoPlayCount (Instagram ""plays""; videoViewCount was null for all reels)",5
Nancy Almodovar,@nancy_almodovar,"40,667","Apify profile scraper run JcJd7B1P0odnWz3DC, 2026-10-07",133,2026-07-09 to 2026-10-07,92,7.16,75,"7,886","42,873","4,111","12,886","1,529,705",0.1939,2026-05-30 to 2026-10-07 (PARTIAL - scrape cap hit; not full 12 mo),133,7.22,116,"5,279","29,458","3,275","10,801","1,529,705",0.1298,"F7-L Personal/lifestyle (no RE angle) (n=52, median 6,951)",5,"videoPlayCount (Instagram ""plays""; videoViewCount was null for all reels)",23
Nancy Almodovar,@nanproperties (company acct (Nan & Co)),"24,680","Apify profile scraper run JcJd7B1P0odnWz3DC, 2026-10-07",50,2026-08-18 to 2026-10-07 (PARTIAL),50,7.14,43,883,"1,326",659,"1,804","3,604",0.0358,2026-08-18 to 2026-10-07 (PARTIAL - scrape cap hit; not full 12 mo),50,7.14,43,883,"1,326",659,"1,804","3,604",0.0358,"F7-L Personal/lifestyle (no RE angle) (n=5, median 1,966)",9,"videoPlayCount (Instagram ""plays""; videoViewCount was null for all reels)",10
Nicole Freer,@nicolemfreer (personal acct),"21,376","Apify profile scraper run CdRjUeLcGbfsx3ecT, 2026-10-07",91,2026-08-17 to 2026-10-07 (PARTIAL),89,12.46,79,"3,615","24,112","2,033","5,837","1,074,424",0.1691,2026-08-17 to 2026-10-07 (PARTIAL - scrape cap hit; not full 12 mo),89,12.46,79,"3,615","24,112","2,033","5,837","1,074,424",0.1691,"F2 Seller/Buyer Playbook tip (n=5, median 4,455)",15,"videoPlayCount (Instagram ""plays""; videoViewCount was null for all reels)",9
Nicole Freer,@nicolefreergroup_ (team acct),"12,398","Apify profile scraper run JcJd7B1P0odnWz3DC, 2026-10-07",92,2026-07-09 to 2026-10-07,12,0.93,12,"1,011","1,234",726.25,"1,474","3,271",0.0815,2025-10-07 to 2026-10-07,92,1.77,92,"1,270","1,945",774,"1,893","23,405",0.1024,"F5 Listing walkthrough (n=6, median 1,555)",11,"videoPlayCount (Instagram ""plays""; videoViewCount was null for all reels)",58
Houston Properties Team (Paige Martin),@houstonpropertiesteam,"6,580","Apify profile scraper run JcJd7B1P0odnWz3DC, 2026-10-07",140,2026-07-09 to 2026-10-07,73,5.68,67,492,782,364.5,835.5,"5,852",0.0748,2026-04-23 to 2026-10-07 (PARTIAL - scrape cap hit; not full 12 mo),140,5.9,134,567.5,"1,220",410.5,975.25,"27,478",0.0862,"F4 Neighborhood guide (n=96, median 658)",6,"videoPlayCount (Instagram ""plays""; videoViewCount was null for all reels)",20
,,,,,,,,,,,,,,,,,,,,,,,,,,,,
,,,,,,,,,,,,,,,,,,,,,,,,,,,,
"YouTube channels (popular-sorted scrape, run cna03sFQAbcSctxDP, collected 2026-10-07)",,,,,,,,,,,,,,,,,,,,,,,,,,,,
YouTube channel,URL,Subscribers (scraped),Channel total videos,Channel total views,Videos pulled (top 10 popular long + top 10 popular Shorts),Of which published in last 12 months,Max views (pulled set),Median views of pulled items published in last 12 mo (biased upward - popular sort),,,,,,,,,,,,,,,,,,,,
Paige Martin (Houston Properties Team),https://www.youtube.com/@HoustonPropertiesTeam,1280,690,1889340,20,2,102315,289,,,,,,,,,,,,,,,,,,,,
Nicole Freer Group at Corcoran Genesis,https://www.youtube.com/@nicolefreergroup,580,608,124898,20,1,32054,4499,,,,,,,,,,,,,,,,,,,,
Sahar Khatib,https://www.youtube.com/@saharkhatib,50,66,32687,10,10,2043,1673,,,,,,,,,,,,,,,,,,,,
Nan and Company Properties,https://www.youtube.com/@NanandCompanyProperties,7930,1349,453774,20,4,25571,1853,,,,,,,,,,,,,,,,,,,,
Nancy Almodovar,https://www.youtube.com/@nancy_almodovar,3780,955,3422370,10,4,2411955,27868,,,,,,,,,,,,,,,,,,,,
